SUMLEV,STATE,COUNTY,PLACE,COUSUB,CONCIT,PRIMGEO_FLAG,FUNCSTAT,NAME,STNAME,ESTIMATESBASE2020,POPESTIMATE2020,POPESTIMATE2021,POPESTIMATE2022
040,25,000,00000,00000,00000,0,A,Massachusetts,Massachusetts,7029949,6995729,6989690,6981974
162,25,000,00840,00000,00000,0,A,Agawam Town city,Massachusetts,28693,28622,28443,28393
162,25,000,01260,00000,00000,0,A,Amesbury Town city,Massachusetts,17367,17338,17278,17179
162,25,000,01370,00000,00000,0,A,Amherst Town city,Massachusetts,39270,27791,40218,40059
162,25,000,02690,00000,00000,0,A,Attleboro city,Massachusetts,46459,46475,46629,46601
162,25,000,03690,00000,00000,0,A,Barnstable Town city,Massachusetts,48912,48896,49635,49532
162,25,000,05595,00000,00000,0,A,Beverly city,Massachusetts,42675,42596,42391,42235
162,25,000,07000,00000,00000,0,A,Boston city,Massachusetts,675632,671570,654537,650706
162,25,000,07740,00000,00000,0,A,Braintree Town city,Massachusetts,39148,39071,38794,38567
162,25,000,08130,00000,00000,0,A,Bridgewater Town city,Massachusetts,28630,28509,28888,28780
162,25,000,09000,00000,00000,0,A,Brockton city,Massachusetts,105654,105502,105501,104826
162,25,000,11000,00000,00000,0,A,Cambridge city,Massachusetts,118395,118349,118082,118488
162,25,000,13205,00000,00000,0,A,Chelsea city,Massachusetts,40785,40583,39070,38637
162,25,000,13660,00000,00000,0,A,Chicopee city,Massachusetts,55562,55443,55228,54980
162,25,000,19370,00000,00000,0,A,Easthampton Town city,Massachusetts,16218,16176,16098,16045
162,25,000,21990,00000,00000,0,A,Everett city,Massachusetts,49081,48917,48591,49350
162,25,000,23000,00000,00000,0,A,Fall River city,Massachusetts,93984,93933,93952,93682
162,25,000,23875,00000,00000,0,A,Fitchburg city,Massachusetts,41945,41659,41592,41502
162,25,000,24960,00000,00000,0,A,Framingham city,Massachusetts,72381,72136,71289,70963
162,25,000,25172,00000,00000,0,A,Franklin Town city,Massachusetts,33272,32341,33136,33656
162,25,000,25485,00000,00000,0,A,Gardner city,Massachusetts,21285,21219,20995,20902
162,25,000,26150,00000,00000,0,A,Gloucester city,Massachusetts,29730,29740,29969,29836
162,25,000,27060,00000,00000,0,A,Greenfield city,Massachusetts,17763,17711,17663,17656
162,25,000,29405,00000,00000,0,A,Haverhill city,Massachusetts,67774,67668,67399,67153
162,25,000,30840,00000,00000,0,A,Holyoke city,Massachusetts,38254,38154,37873,37720
162,25,000,34550,00000,00000,0,A,Lawrence city,Massachusetts,89153,88876,88436,87954
162,25,000,35075,00000,00000,0,A,Leominster city,Massachusetts,43793,43744,43668,43646
162,25,000,37000,00000,00000,0,A,Lowell city,Massachusetts,115550,115366,114288,113608
162,25,000,37490,00000,00000,0,A,Lynn city,Massachusetts,101263,101095,100992,100891
162,25,000,37875,00000,00000,0,A,Malden city,Massachusetts,66261,66011,65136,64712
162,25,000,38715,00000,00000,0,A,Marlborough city,Massachusetts,41799,41654,41142,40971
162,25,000,39835,00000,00000,0,A,Medford city,Massachusetts,59666,60414,62163,65399
162,25,000,40115,00000,00000,0,A,Melrose city,Massachusetts,29817,29708,29320,29155
162,25,000,40710,00000,00000,0,A,Methuen Town city,Massachusetts,53037,52985,52882,53241
162,25,000,45000,00000,00000,0,A,New Bedford city,Massachusetts,101089,100987,101007,100682
162,25,000,45245,00000,00000,0,A,Newburyport city,Massachusetts,18290,18304,18294,18662
162,25,000,45560,00000,00000,0,A,Newton city,Massachusetts,88918,88759,87799,87381
162,25,000,46225,00000,00000,0,A,North Adams city,Massachusetts,12962,12930,12891,12777
162,25,000,46330,00000,00000,0,A,Northampton city,Massachusetts,29567,27300,29480,29327
162,25,000,46598,00000,00000,0,A,North Attleborough Town city,Massachusetts,30833,30826,30915,30930
162,25,000,52144,00000,00000,0,A,Palmer Town city,Massachusetts,12455,12422,12384,12337
162,25,000,52490,00000,00000,0,A,Peabody city,Massachusetts,54492,54388,54140,53896
162,25,000,53960,00000,00000,0,A,Pittsfield city,Massachusetts,43935,43777,43620,43310
162,25,000,55745,00000,00000,0,A,Quincy city,Massachusetts,101606,101462,101142,101727
162,25,000,56000,00000,00000,0,A,Randolph Town city,Massachusetts,34976,34913,34708,34530
162,25,000,56585,00000,00000,0,A,Revere city,Massachusetts,62204,61867,59517,58528
162,25,000,59105,00000,00000,0,A,Salem city,Massachusetts,44482,44474,44842,44722
162,25,000,62535,00000,00000,0,A,Somerville city,Massachusetts,81031,80814,80018,79762
162,25,000,63345,00000,00000,0,A,Southbridge Town city,Massachusetts,17746,17711,17689,17619
162,25,000,67000,00000,00000,0,A,Springfield city,Massachusetts,155931,155407,154948,154064
162,25,000,69170,00000,00000,0,A,Taunton city,Massachusetts,59400,59470,59701,59922
162,25,000,72600,00000,00000,0,A,Waltham city,Massachusetts,65213,65046,64393,64065
162,25,000,73440,00000,00000,0,A,Watertown Town city,Massachusetts,35333,35331,35188,35022
162,25,000,76030,00000,00000,0,A,Westfield city,Massachusetts,40825,40740,40626,40535
162,25,000,77890,00000,00000,0,A,West Springfield Town city,Massachusetts,28832,28766,28666,28501
162,25,000,78972,00000,00000,0,A,Weymouth Town city,Massachusetts,57443,57461,57655,57410
162,25,000,81005,00000,00000,0,A,Winthrop Town city,Massachusetts,19320,19251,18641,18510
162,25,000,81035,00000,00000,0,A,Woburn city,Massachusetts,40882,40791,41063,41248
162,25,000,82000,00000,00000,0,A,Worcester city,Massachusetts,206519,205063,205660,205319
050,25,001,00000,00000,00000,0,A,Barnstable County,Massachusetts,229004,228856,232594,232457
157,25,001,03690,00000,00000,0,A,Barnstable Town city,Massachusetts,48912,48896,49635,49532
157,25,001,99990,00000,00000,0,S,Balance of Barnstable County,Massachusetts,180092,179960,182959,182925
061,25,001,00000,03690,00000,0,F,Barnstable Town city,Massachusetts,48912,48896,49635,49532
071,25,001,03690,03690,00000,1,A,Barnstable Town city,Massachusetts,48912,48896,49635,49532
061,25,001,00000,07175,00000,1,A,Bourne town,Massachusetts,20460,20384,20711,20667
061,25,001,00000,07980,00000,1,A,Brewster town,Massachusetts,10323,10316,10468,10444
061,25,001,00000,12995,00000,1,A,Chatham town,Massachusetts,6597,6596,6700,6711
061,25,001,00000,16775,00000,1,A,Dennis town,Massachusetts,14680,14675,14912,14932
061,25,001,00000,19295,00000,1,A,Eastham town,Massachusetts,5754,5749,5840,5822
061,25,001,00000,23105,00000,1,A,Falmouth town,Massachusetts,32525,32536,33128,33104
061,25,001,00000,29020,00000,1,A,Harwich town,Massachusetts,13438,13431,13633,13647
061,25,001,00000,39100,00000,1,A,Mashpee town,Massachusetts,15061,15061,15376,15468
061,25,001,00000,51440,00000,1,A,Orleans town,Massachusetts,6307,6306,6423,6422
061,25,001,00000,55500,00000,1,A,Provincetown town,Massachusetts,3665,3663,3718,3723
061,25,001,00000,59735,00000,1,A,Sandwich town,Massachusetts,20261,20249,20600,20611
061,25,001,00000,70605,00000,1,A,Truro town,Massachusetts,2445,2444,2488,2486
061,25,001,00000,74385,00000,1,A,Wellfleet town,Massachusetts,3564,3563,3641,3644
061,25,001,00000,82525,00000,1,A,Yarmouth town,Massachusetts,25012,24987,25321,25244
050,25,003,00000,00000,00000,0,N,Berkshire County,Massachusetts,129036,128774,128621,127859
157,25,003,46225,00000,00000,0,A,North Adams city,Massachusetts,12962,12930,12891,12777
157,25,003,53960,00000,00000,0,A,Pittsfield city,Massachusetts,43935,43777,43620,43310
157,25,003,99990,00000,00000,0,S,Balance of Berkshire County,Massachusetts,72139,72067,72110,71772
061,25,003,00000,00555,00000,1,A,Adams town,Massachusetts,8157,8136,8116,8047
061,25,003,00000,00975,00000,1,A,Alford town,Massachusetts,488,487,486,483
061,25,003,00000,04545,00000,1,A,Becket town,Massachusetts,1936,1931,1936,1931
061,25,003,00000,13345,00000,1,A,Cheshire town,Massachusetts,3260,3252,3242,3215
061,25,003,00000,14010,00000,1,A,Clarksburg town,Massachusetts,1658,1654,1654,1643
061,25,003,00000,16180,00000,1,A,Dalton town,Massachusetts,6332,6316,6302,6236
061,25,003,00000,21360,00000,1,A,Egremont town,Massachusetts,1372,1370,1374,1374
061,25,003,00000,24120,00000,1,A,Florida town,Massachusetts,692,690,687,681
061,25,003,00000,26815,00000,1,A,Great Barrington town,Massachusetts,7172,7173,7153,7214
061,25,003,00000,28180,00000,1,A,Hancock town,Massachusetts,754,752,752,746
061,25,003,00000,30315,00000,1,A,Hinsdale town,Massachusetts,1917,1914,1913,1900
061,25,003,00000,34340,00000,1,A,Lanesborough town,Massachusetts,3046,3040,3038,3016
061,25,003,00000,34655,00000,1,A,Lee town,Massachusetts,5787,5773,5751,5707
061,25,003,00000,34970,00000,1,A,Lenox town,Massachusetts,5098,5092,5087,5064
061,25,003,00000,42460,00000,1,A,Monterey town,Massachusetts,1095,1092,1092,1085
061,25,003,00000,43300,00000,1,A,Mount Washington town,Massachusetts,159,159,158,157
061,25,003,00000,44385,00000,1,A,New Ashford town,Massachusetts,248,247,249,249
061,25,003,00000,45420,00000,1,A,New Marlborough town,Massachusetts,1529,1525,1522,1510
061,25,003,00000,46225,00000,0,F,North Adams city,Massachusetts,12962,12930,12891,12777
071,25,003,46225,46225,00000,1,A,North Adams city,Massachusetts,12962,12930,12891,12777
061,25,003,00000,51580,00000,1,A,Otis town,Massachusetts,1636,1633,1633,1626
061,25,003,00000,53050,00000,1,A,Peru town,Massachusetts,810,808,806,803
061,25,003,00000,53960,00000,0,F,Pittsfield city,Massachusetts,43935,43777,43620,43310
071,25,003,53960,53960,00000,1,A,Pittsfield city,Massachusetts,43935,43777,43620,43310
061,25,003,00000,56795,00000,1,A,Richmond town,Massachusetts,1413,1409,1409,1402
061,25,003,00000,59665,00000,1,A,Sandisfield town,Massachusetts,987,985,984,982
061,25,003,00000,60225,00000,1,A,Savoy town,Massachusetts,647,645,648,646
061,25,003,00000,61065,00000,1,A,Sheffield town,Massachusetts,3328,3321,3331,3329
061,25,003,00000,67595,00000,1,A,Stockbridge town,Massachusetts,2013,2009,2011,1998
061,25,003,00000,71095,00000,1,A,Tyringham town,Massachusetts,426,425,424,421
061,25,003,00000,73335,00000,1,A,Washington town,Massachusetts,496,495,497,497
061,25,003,00000,77990,00000,1,A,West Stockbridge town,Massachusetts,1342,1339,1340,1329
061,25,003,00000,79985,00000,1,A,Williamstown town,Massachusetts,7514,7570,7692,7663
061,25,003,00000,80685,00000,1,A,Windsor town,Massachusetts,827,825,823,818
050,25,005,00000,00000,00000,0,A,Bristol County,Massachusetts,579210,576737,579895,580068
157,25,005,02690,00000,00000,0,A,Attleboro city,Massachusetts,46459,46475,46629,46601
157,25,005,23000,00000,00000,0,A,Fall River city,Massachusetts,93984,93933,93952,93682
157,25,005,45000,00000,00000,0,A,New Bedford city,Massachusetts,101089,100987,101007,100682
157,25,005,46598,00000,00000,0,A,North Attleborough Town city,Massachusetts,30833,30826,30915,30930
157,25,005,69170,00000,00000,0,A,Taunton city,Massachusetts,59400,59470,59701,59922
157,25,005,99990,00000,00000,0,S,Balance of Bristol County,Massachusetts,247445,245046,247691,248251
061,25,005,00000,00520,00000,1,A,Acushnet town,Massachusetts,10558,10558,10588,10585
061,25,005,00000,02690,00000,0,F,Attleboro city,Massachusetts,46459,46475,46629,46601
071,25,005,02690,02690,00000,1,A,Attleboro city,Massachusetts,46459,46475,46629,46601
061,25,005,00000,05280,00000,1,A,Berkley town,Massachusetts,6766,6770,6810,6797
061,25,005,00000,16425,00000,1,A,Dartmouth town,Massachusetts,33807,31365,33338,33406
061,25,005,00000,16950,00000,1,A,Dighton town,Massachusetts,8101,8109,8176,8168
061,25,005,00000,20100,00000,1,A,Easton town,Massachusetts,25060,25068,25155,25240
061,25,005,00000,22130,00000,1,A,Fairhaven town,Massachusetts,15920,15911,15840,15837
061,25,005,00000,23000,00000,0,F,Fall River city,Massachusetts,93984,93933,93952,93682
071,25,005,23000,23000,00000,1,A,Fall River city,Massachusetts,93984,93933,93952,93682
061,25,005,00000,25240,00000,1,A,Freetown town,Massachusetts,9206,9207,9227,9236
061,25,005,00000,38225,00000,1,A,Mansfield town,Massachusetts,23860,23853,23896,23816
061,25,005,00000,45000,00000,0,F,New Bedford city,Massachusetts,101089,100987,101007,100682
071,25,005,45000,45000,00000,1,A,New Bedford city,Massachusetts,101089,100987,101007,100682
061,25,005,00000,46598,00000,0,F,North Attleborough Town city,Massachusetts,30833,30826,30915,30930
071,25,005,46598,46598,00000,1,A,North Attleborough Town city,Massachusetts,30833,30826,30915,30930
061,25,005,00000,49970,00000,1,A,Norton town,Massachusetts,19207,19208,19131,19108
061,25,005,00000,56060,00000,1,A,Raynham town,Massachusetts,15135,15142,15220,15474
061,25,005,00000,56375,00000,1,A,Rehoboth town,Massachusetts,12498,12516,12724,13023
061,25,005,00000,60645,00000,1,A,Seekonk town,Massachusetts,15535,15542,15623,15649
061,25,005,00000,62430,00000,1,A,Somerset town,Massachusetts,18303,18287,18245,18192
061,25,005,00000,68750,00000,1,A,Swansea town,Massachusetts,17146,17168,17305,17307
061,25,005,00000,69170,00000,0,F,Taunton city,Massachusetts,59400,59470,59701,59922
071,25,005,69170,69170,00000,1,A,Taunton city,Massachusetts,59400,59470,59701,59922
061,25,005,00000,77570,00000,1,A,Westport town,Massachusetts,16343,16342,16413,16413
050,25,007,00000,00000,00000,0,A,Dukes County,Massachusetts,20595,20579,21109,20868
061,25,007,00000,01585,00000,1,A,Aquinnah town,Massachusetts,441,440,451,444
061,25,007,00000,13800,00000,1,A,Chilmark town,Massachusetts,1216,1215,1249,1235
061,25,007,00000,21150,00000,1,A,Edgartown town,Massachusetts,5169,5169,5306,5266
061,25,007,00000,26325,00000,1,A,Gosnold town,Massachusetts,65,65,66,64
061,25,007,00000,50390,00000,1,A,Oak Bluffs town,Massachusetts,5335,5329,5463,5379
061,25,007,00000,69940,00000,1,A,Tisbury town,Massachusetts,4816,4811,4931,4886
061,25,007,00000,78235,00000,1,A,West Tisbury town,Massachusetts,3553,3550,3643,3594
050,25,009,00000,00000,00000,0,N,Essex County,Massachusetts,809818,808491,807485,806765
157,25,009,01260,00000,00000,0,A,Amesbury Town city,Massachusetts,17367,17338,17278,17179
157,25,009,05595,00000,00000,0,A,Beverly city,Massachusetts,42675,42596,42391,42235
157,25,009,26150,00000,00000,0,A,Gloucester city,Massachusetts,29730,29740,29969,29836
157,25,009,29405,00000,00000,0,A,Haverhill city,Massachusetts,67774,67668,67399,67153
157,25,009,34550,00000,00000,0,A,Lawrence city,Massachusetts,89153,88876,88436,87954
157,25,009,37490,00000,00000,0,A,Lynn city,Massachusetts,101263,101095,100992,100891
157,25,009,40710,00000,00000,0,A,Methuen Town city,Massachusetts,53037,52985,52882,53241
157,25,009,45245,00000,00000,0,A,Newburyport city,Massachusetts,18290,18304,18294,18662
157,25,009,52490,00000,00000,0,A,Peabody city,Massachusetts,54492,54388,54140,53896
157,25,009,59105,00000,00000,0,A,Salem city,Massachusetts,44482,44474,44842,44722
157,25,009,99990,00000,00000,0,S,Balance of Essex County,Massachusetts,291555,291027,290862,290996
061,25,009,00000,01260,00000,0,F,Amesbury Town city,Massachusetts,17367,17338,17278,17179
071,25,009,01260,01260,00000,1,A,Amesbury Town city,Massachusetts,17367,17338,17278,17179
061,25,009,00000,01465,00000,1,A,Andover town,Massachusetts,36571,36550,36530,36363
061,25,009,00000,05595,00000,0,F,Beverly city,Massachusetts,42675,42596,42391,42235
071,25,009,05595,05595,00000,1,A,Beverly city,Massachusetts,42675,42596,42391,42235
061,25,009,00000,07420,00000,1,A,Boxford town,Massachusetts,8204,8188,8161,8112
061,25,009,00000,16250,00000,1,A,Danvers town,Massachusetts,28077,28027,27858,27781
061,25,009,00000,21850,00000,1,A,Essex town,Massachusetts,3675,3674,3674,3668
061,25,009,00000,25625,00000,1,A,Georgetown town,Massachusetts,8474,8463,8434,8408
061,25,009,00000,26150,00000,0,F,Gloucester city,Massachusetts,29730,29740,29969,29836
071,25,009,26150,26150,00000,1,A,Gloucester city,Massachusetts,29730,29740,29969,29836
061,25,009,00000,27620,00000,1,A,Groveland town,Massachusetts,6753,6745,6754,6721
061,25,009,00000,27900,00000,1,A,Hamilton town,Massachusetts,7564,7560,7554,7526
061,25,009,00000,29405,00000,0,F,Haverhill city,Massachusetts,67774,67668,67399,67153
071,25,009,29405,29405,00000,1,A,Haverhill city,Massachusetts,67774,67668,67399,67153
061,25,009,00000,32310,00000,1,A,Ipswich town,Massachusetts,13783,13760,13825,13848
061,25,009,00000,34550,00000,0,F,Lawrence city,Massachusetts,89153,88876,88436,87954
071,25,009,34550,34550,00000,1,A,Lawrence city,Massachusetts,89153,88876,88436,87954
061,25,009,00000,37490,00000,0,F,Lynn city,Massachusetts,101263,101095,100992,100891
071,25,009,37490,37490,00000,1,A,Lynn city,Massachusetts,101263,101095,100992,100891
061,25,009,00000,37560,00000,1,A,Lynnfield town,Massachusetts,12995,12980,12984,12951
061,25,009,00000,37995,00000,1,A,Manchester-by-the-Sea town,Massachusetts,5394,5386,5375,5354
061,25,009,00000,38400,00000,1,A,Marblehead town,Massachusetts,20436,20398,20310,20233
061,25,009,00000,40430,00000,1,A,Merrimac town,Massachusetts,6724,6716,6720,6699
061,25,009,00000,40710,00000,0,F,Methuen Town city,Massachusetts,53037,52985,52882,53241
071,25,009,40710,40710,00000,1,A,Methuen Town city,Massachusetts,53037,52985,52882,53241
061,25,009,00000,41095,00000,1,A,Middleton town,Massachusetts,9779,9618,9729,9837
061,25,009,00000,43580,00000,1,A,Nahant town,Massachusetts,3337,3330,3316,3289
061,25,009,00000,45175,00000,1,A,Newbury town,Massachusetts,6721,6714,6714,6695
061,25,009,00000,45245,00000,0,F,Newburyport city,Massachusetts,18290,18304,18294,18662
071,25,009,45245,45245,00000,1,A,Newburyport city,Massachusetts,18290,18304,18294,18662
061,25,009,00000,46365,00000,1,A,North Andover town,Massachusetts,30914,30854,30702,31295
061,25,009,00000,52490,00000,0,F,Peabody city,Massachusetts,54492,54388,54140,53896
071,25,009,52490,52490,00000,1,A,Peabody city,Massachusetts,54492,54388,54140,53896
061,25,009,00000,57880,00000,1,A,Rockport town,Massachusetts,6993,6987,6956,6925
061,25,009,00000,58405,00000,1,A,Rowley town,Massachusetts,6163,6159,6129,6283
061,25,009,00000,59105,00000,0,F,Salem city,Massachusetts,44482,44474,44842,44722
071,25,009,59105,59105,00000,1,A,Salem city,Massachusetts,44482,44474,44842,44722
061,25,009,00000,59245,00000,1,A,Salisbury town,Massachusetts,9234,9216,9225,9189
061,25,009,00000,60015,00000,1,A,Saugus town,Massachusetts,28618,28605,28717,28547
061,25,009,00000,68645,00000,1,A,Swampscott town,Massachusetts,15104,15114,15186,15280
061,25,009,00000,70150,00000,1,A,Topsfield town,Massachusetts,6562,6555,6540,6504
061,25,009,00000,74595,00000,1,A,Wenham town,Massachusetts,4982,4923,4914,4926
061,25,009,00000,77150,00000,1,A,West Newbury town,Massachusetts,4498,4505,4555,4562
050,25,011,00000,00000,00000,0,N,Franklin County,Massachusetts,71035,70930,70943,70894
157,25,011,27060,00000,00000,0,A,Greenfield city,Massachusetts,17763,17711,17663,17656
157,25,011,99990,00000,00000,0,S,Balance of Franklin County,Massachusetts,53272,53219,53280,53238
061,25,011,00000,02095,00000,1,A,Ashfield town,Massachusetts,1689,1686,1689,1688
061,25,011,00000,05560,00000,1,A,Bernardston town,Massachusetts,2102,2099,2104,2104
061,25,011,00000,09595,00000,1,A,Buckland town,Massachusetts,1814,1811,1814,1810
061,25,011,00000,12505,00000,1,A,Charlemont town,Massachusetts,1186,1184,1185,1181
061,25,011,00000,14885,00000,1,A,Colrain town,Massachusetts,1604,1603,1612,1617
061,25,011,00000,15200,00000,1,A,Conway town,Massachusetts,1768,1767,1766,1760
061,25,011,00000,16670,00000,1,A,Deerfield town,Massachusetts,5088,5093,5143,5162
061,25,011,00000,21780,00000,1,A,Erving town,Massachusetts,1662,1659,1665,1667
061,25,011,00000,25730,00000,1,A,Gill town,Massachusetts,1554,1552,1554,1560
061,25,011,00000,27060,00000,0,F,Greenfield city,Massachusetts,17763,17711,17663,17656
071,25,011,27060,27060,00000,1,A,Greenfield city,Massachusetts,17763,17711,17663,17656
061,25,011,00000,29475,00000,1,A,Hawley town,Massachusetts,354,354,354,354
061,25,011,00000,29650,00000,1,A,Heath town,Massachusetts,723,722,725,721
061,25,011,00000,35180,00000,1,A,Leverett town,Massachusetts,1857,1856,1861,1860
061,25,011,00000,35285,00000,1,A,Leyden town,Massachusetts,733,732,736,734
061,25,011,00000,42040,00000,1,A,Monroe town,Massachusetts,116,116,116,115
061,25,011,00000,42285,00000,1,A,Montague town,Massachusetts,8580,8566,8482,8463
061,25,011,00000,45490,00000,1,A,New Salem town,Massachusetts,982,983,996,1008
061,25,011,00000,47835,00000,1,A,Northfield town,Massachusetts,2870,2865,2873,2872
061,25,011,00000,51265,00000,1,A,Orange town,Massachusetts,7575,7563,7572,7558
061,25,011,00000,58335,00000,1,A,Rowe town,Massachusetts,423,422,422,421
061,25,011,00000,61135,00000,1,A,Shelburne town,Massachusetts,1885,1884,1888,1886
061,25,011,00000,61905,00000,1,A,Shutesbury town,Massachusetts,1723,1720,1727,1726
061,25,011,00000,68400,00000,1,A,Sunderland town,Massachusetts,3660,3656,3658,3647
061,25,011,00000,73265,00000,1,A,Warwick town,Massachusetts,785,784,784,780
061,25,011,00000,74525,00000,1,A,Wendell town,Massachusetts,925,926,926,921
061,25,011,00000,79110,00000,1,A,Whately town,Massachusetts,1614,1616,1628,1623
050,25,013,00000,00000,00000,0,N,Hampden County,Massachusetts,465834,464407,462849,461041
157,25,013,00840,00000,00000,0,A,Agawam Town city,Massachusetts,28693,28622,28443,28393
157,25,013,13660,00000,00000,0,A,Chicopee city,Massachusetts,55562,55443,55228,54980
157,25,013,30840,00000,00000,0,A,Holyoke city,Massachusetts,38254,38154,37873,37720
157,25,013,52144,00000,00000,0,A,Palmer Town city,Massachusetts,12455,12422,12384,12337
157,25,013,67000,00000,00000,0,A,Springfield city,Massachusetts,155931,155407,154948,154064
157,25,013,76030,00000,00000,0,A,Westfield city,Massachusetts,40825,40740,40626,40535
157,25,013,77890,00000,00000,0,A,West Springfield Town city,Massachusetts,28832,28766,28666,28501
157,25,013,99990,00000,00000,0,S,Balance of Hampden County,Massachusetts,105282,104853,104681,104511
061,25,013,00000,00840,00000,0,F,Agawam Town city,Massachusetts,28693,28622,28443,28393
071,25,013,00840,00840,00000,1,A,Agawam Town city,Massachusetts,28693,28622,28443,28393
061,25,013,00000,06085,00000,1,A,Blandford town,Massachusetts,1217,1214,1213,1210
061,25,013,00000,08470,00000,1,A,Brimfield town,Massachusetts,3692,3687,3690,3690
061,25,013,00000,13485,00000,1,A,Chester town,Massachusetts,1229,1228,1223,1220
061,25,013,00000,13660,00000,0,F,Chicopee city,Massachusetts,55562,55443,55228,54980
071,25,013,13660,13660,00000,1,A,Chicopee city,Massachusetts,55562,55443,55228,54980
061,25,013,00000,19645,00000,1,A,East Longmeadow town,Massachusetts,16425,16382,16342,16343
061,25,013,00000,26675,00000,1,A,Granville town,Massachusetts,1538,1536,1535,1528
061,25,013,00000,28075,00000,1,A,Hampden town,Massachusetts,4964,4953,4940,4915
061,25,013,00000,30665,00000,1,A,Holland town,Massachusetts,2603,2596,2586,2573
061,25,013,00000,30840,00000,0,F,Holyoke city,Massachusetts,38254,38154,37873,37720
071,25,013,30840,30840,00000,1,A,Holyoke city,Massachusetts,38254,38154,37873,37720
061,25,013,00000,36300,00000,1,A,Longmeadow town,Massachusetts,15853,15812,15700,15632
061,25,013,00000,37175,00000,1,A,Ludlow town,Massachusetts,21005,20762,20858,20871
061,25,013,00000,42145,00000,1,A,Monson town,Massachusetts,8146,8126,8109,8090
061,25,013,00000,42530,00000,1,A,Montgomery town,Massachusetts,819,817,816,818
061,25,013,00000,52144,00000,0,F,Palmer Town city,Massachusetts,12455,12422,12384,12337
071,25,013,52144,52144,00000,1,A,Palmer Town city,Massachusetts,12455,12422,12384,12337
061,25,013,00000,58650,00000,1,A,Russell town,Massachusetts,1642,1638,1636,1631
061,25,013,00000,65825,00000,1,A,Southwick town,Massachusetts,9234,9216,9210,9190
061,25,013,00000,67000,00000,0,F,Springfield city,Massachusetts,155931,155407,154948,154064
071,25,013,67000,67000,00000,1,A,Springfield city,Massachusetts,155931,155407,154948,154064
061,25,013,00000,70045,00000,1,A,Tolland town,Massachusetts,470,469,467,467
061,25,013,00000,72390,00000,1,A,Wales town,Massachusetts,1832,1827,1818,1807
061,25,013,00000,76030,00000,0,F,Westfield city,Massachusetts,40825,40740,40626,40535
071,25,013,76030,76030,00000,1,A,Westfield city,Massachusetts,40825,40740,40626,40535
061,25,013,00000,77890,00000,0,F,West Springfield Town city,Massachusetts,28832,28766,28666,28501
071,25,013,77890,77890,00000,1,A,West Springfield Town city,Massachusetts,28832,28766,28666,28501
061,25,013,00000,79740,00000,1,A,Wilbraham town,Massachusetts,14613,14590,14538,14526
050,25,015,00000,00000,00000,0,N,Hampshire County,Massachusetts,162305,146592,163088,162588
157,25,015,01370,00000,00000,0,A,Amherst Town city,Massachusetts,39270,27791,40218,40059
157,25,015,19370,00000,00000,0,A,Easthampton Town city,Massachusetts,16218,16176,16098,16045
157,25,015,46330,00000,00000,0,A,Northampton city,Massachusetts,29567,27300,29480,29327
157,25,015,99990,00000,00000,0,S,Balance of Hampshire County,Massachusetts,77250,75325,77292,77157
061,25,015,00000,01370,00000,0,F,Amherst Town city,Massachusetts,39270,27791,40218,40059
071,25,015,01370,01370,00000,1,A,Amherst Town city,Massachusetts,39270,27791,40218,40059
061,25,015,00000,04825,00000,1,A,Belchertown town,Massachusetts,15347,15327,15357,15316
061,25,015,00000,13590,00000,1,A,Chesterfield town,Massachusetts,1187,1186,1184,1175
061,25,015,00000,16040,00000,1,A,Cummington town,Massachusetts,829,827,824,818
061,25,015,00000,19370,00000,0,F,Easthampton Town city,Massachusetts,16218,16176,16098,16045
071,25,015,19370,19370,00000,1,A,Easthampton Town city,Massachusetts,16218,16176,16098,16045
061,25,015,00000,26290,00000,1,A,Goshen town,Massachusetts,962,959,955,947
061,25,015,00000,26535,00000,1,A,Granby town,Massachusetts,6116,6102,6086,6055
061,25,015,00000,27690,00000,1,A,Hadley town,Massachusetts,5319,5308,5280,5270
061,25,015,00000,29265,00000,1,A,Hatfield town,Massachusetts,3345,3337,3330,3314
061,25,015,00000,31785,00000,1,A,Huntington town,Massachusetts,2098,2092,2084,2069
061,25,015,00000,40990,00000,1,A,Middlefield town,Massachusetts,384,385,390,388
061,25,015,00000,46330,00000,0,F,Northampton city,Massachusetts,29567,27300,29480,29327
071,25,015,46330,46330,00000,1,A,Northampton city,Massachusetts,29567,27300,29480,29327
061,25,015,00000,52560,00000,1,A,Pelham town,Massachusetts,1284,1280,1271,1266
061,25,015,00000,54030,00000,1,A,Plainfield town,Massachusetts,629,629,631,629
061,25,015,00000,62745,00000,1,A,Southampton town,Massachusetts,6226,6215,6219,6207
061,25,015,00000,64145,00000,1,A,South Hadley town,Massachusetts,18146,16282,18157,18046
061,25,015,00000,72880,00000,1,A,Ware town,Massachusetts,10061,10091,10226,10385
061,25,015,00000,76380,00000,1,A,Westhampton town,Massachusetts,1621,1616,1622,1620
061,25,015,00000,79915,00000,1,A,Williamsburg town,Massachusetts,2503,2498,2488,2469
061,25,015,00000,82175,00000,1,A,Worthington town,Massachusetts,1193,1191,1188,1183
050,25,017,00000,00000,00000,0,N,Middlesex County,Massachusetts,1632002,1628671,1617099,1617105
157,25,017,11000,00000,00000,0,A,Cambridge city,Massachusetts,118395,118349,118082,118488
157,25,017,21990,00000,00000,0,A,Everett city,Massachusetts,49081,48917,48591,49350
157,25,017,24960,00000,00000,0,A,Framingham city,Massachusetts,72381,72136,71289,70963
157,25,017,37000,00000,00000,0,A,Lowell city,Massachusetts,115550,115366,114288,113608
157,25,017,37875,00000,00000,0,A,Malden city,Massachusetts,66261,66011,65136,64712
157,25,017,38715,00000,00000,0,A,Marlborough city,Massachusetts,41799,41654,41142,40971
157,25,017,39835,00000,00000,0,A,Medford city,Massachusetts,59666,60414,62163,65399
157,25,017,40115,00000,00000,0,A,Melrose city,Massachusetts,29817,29708,29320,29155
157,25,017,45560,00000,00000,0,A,Newton city,Massachusetts,88918,88759,87799,87381
157,25,017,62535,00000,00000,0,A,Somerville city,Massachusetts,81031,80814,80018,79762
157,25,017,72600,00000,00000,0,A,Waltham city,Massachusetts,65213,65046,64393,64065
157,25,017,73440,00000,00000,0,A,Watertown Town city,Massachusetts,35333,35331,35188,35022
157,25,017,81035,00000,00000,0,A,Woburn city,Massachusetts,40882,40791,41063,41248
157,25,017,99990,00000,00000,0,S,Balance of Middlesex County,Massachusetts,767675,765375,758627,756981
061,25,017,00000,00380,00000,1,A,Acton town,Massachusetts,24016,23938,23848,23829
061,25,017,00000,01605,00000,1,A,Arlington town,Massachusetts,46315,46152,45665,45522
061,25,017,00000,01955,00000,1,A,Ashby town,Massachusetts,3189,3180,3170,3163
061,25,017,00000,02130,00000,1,A,Ashland town,Massachusetts,18829,18815,18579,18466
061,25,017,00000,03005,00000,1,A,Ayer town,Massachusetts,8480,8471,8401,8424
061,25,017,00000,04615,00000,1,A,Bedford town,Massachusetts,14383,14347,14197,14161
061,25,017,00000,05070,00000,1,A,Belmont town,Massachusetts,27302,27205,26861,26710
061,25,017,00000,05805,00000,1,A,Billerica town,Massachusetts,42113,41801,41399,41319
061,25,017,00000,07350,00000,1,A,Boxborough town,Massachusetts,5508,5490,5431,5412
061,25,017,00000,09840,00000,1,A,Burlington town,Massachusetts,26370,26289,26030,25966
061,25,017,00000,11000,00000,0,F,Cambridge city,Massachusetts,118395,118349,118082,118488
071,25,017,11000,11000,00000,1,A,Cambridge city,Massachusetts,118395,118349,118082,118488
061,25,017,00000,11525,00000,1,A,Carlisle town,Massachusetts,5244,5230,5184,5157
061,25,017,00000,13135,00000,1,A,Chelmsford town,Massachusetts,36377,36353,35941,35906
061,25,017,00000,15060,00000,1,A,Concord town,Massachusetts,18491,18343,18148,17954
061,25,017,00000,17475,00000,1,A,Dracut town,Massachusetts,32602,32501,32187,32060
061,25,017,00000,17825,00000,1,A,Dunstable town,Massachusetts,3363,3356,3343,3355
061,25,017,00000,21990,00000,0,F,Everett city,Massachusetts,49081,48917,48591,49350
071,25,017,21990,21990,00000,1,A,Everett city,Massachusetts,49081,48917,48591,49350
061,25,017,00000,24960,00000,0,F,Framingham city,Massachusetts,72381,72136,71289,70963
071,25,017,24960,24960,00000,1,A,Framingham city,Massachusetts,72381,72136,71289,70963
061,25,017,00000,27480,00000,1,A,Groton town,Massachusetts,11321,11276,11177,11162
061,25,017,00000,30700,00000,1,A,Holliston town,Massachusetts,15001,14973,14856,14856
061,25,017,00000,31085,00000,1,A,Hopkinton town,Massachusetts,18763,18773,18967,19249
061,25,017,00000,31540,00000,1,A,Hudson town,Massachusetts,20082,20018,19814,19744
061,25,017,00000,35215,00000,1,A,Lexington town,Massachusetts,34456,34368,34083,34074
061,25,017,00000,35425,00000,1,A,Lincoln town,Massachusetts,7011,6985,6891,6855
061,25,017,00000,35950,00000,1,A,Littleton town,Massachusetts,10134,10123,10085,10139
061,25,017,00000,37000,00000,0,F,Lowell city,Massachusetts,115550,115366,114288,113608
071,25,017,37000,37000,00000,1,A,Lowell city,Massachusetts,115550,115366,114288,113608
061,25,017,00000,37875,00000,0,F,Malden city,Massachusetts,66261,66011,65136,64712
071,25,017,37875,37875,00000,1,A,Malden city,Massachusetts,66261,66011,65136,64712
061,25,017,00000,38715,00000,0,F,Marlborough city,Massachusetts,41799,41654,41142,40971
071,25,017,38715,38715,00000,1,A,Marlborough city,Massachusetts,41799,41654,41142,40971
061,25,017,00000,39625,00000,1,A,Maynard town,Massachusetts,10746,10718,10587,10546
061,25,017,00000,39835,00000,0,F,Medford city,Massachusetts,59666,60414,62163,65399
071,25,017,39835,39835,00000,1,A,Medford city,Massachusetts,59666,60414,62163,65399
061,25,017,00000,40115,00000,0,F,Melrose city,Massachusetts,29817,29708,29320,29155
071,25,017,40115,40115,00000,1,A,Melrose city,Massachusetts,29817,29708,29320,29155
061,25,017,00000,43895,00000,1,A,Natick town,Massachusetts,37013,36891,36416,36272
061,25,017,00000,45560,00000,0,F,Newton city,Massachusetts,88918,88759,87799,87381
071,25,017,45560,45560,00000,1,A,Newton city,Massachusetts,88918,88759,87799,87381
061,25,017,00000,48955,00000,1,A,North Reading town,Massachusetts,15557,15542,15340,15549
061,25,017,00000,52805,00000,1,A,Pepperell town,Massachusetts,11601,11586,11590,11620
061,25,017,00000,56130,00000,1,A,Reading town,Massachusetts,25524,25520,25245,25205
061,25,017,00000,61380,00000,1,A,Sherborn town,Massachusetts,4402,4408,4389,4372
061,25,017,00000,61590,00000,1,A,Shirley town,Massachusetts,7438,7225,6822,6782
061,25,017,00000,62535,00000,0,F,Somerville city,Massachusetts,81031,80814,80018,79762
071,25,017,62535,62535,00000,1,A,Somerville city,Massachusetts,81031,80814,80018,79762
061,25,017,00000,67665,00000,1,A,Stoneham town,Massachusetts,23249,23168,22843,22705
061,25,017,00000,68050,00000,1,A,Stow town,Massachusetts,7177,7151,7066,7042
061,25,017,00000,68260,00000,1,A,Sudbury town,Massachusetts,18932,18872,19061,18965
061,25,017,00000,69415,00000,1,A,Tewksbury town,Massachusetts,31331,31233,30930,30833
061,25,017,00000,70360,00000,1,A,Townsend town,Massachusetts,9127,9099,8990,8948
061,25,017,00000,71025,00000,1,A,Tyngsborough town,Massachusetts,12378,12385,12429,12368
061,25,017,00000,72215,00000,1,A,Wakefield town,Massachusetts,27080,27042,27121,27069
061,25,017,00000,72600,00000,0,F,Waltham city,Massachusetts,65213,65046,64393,64065
071,25,017,72600,72600,00000,1,A,Waltham city,Massachusetts,65213,65046,64393,64065
061,25,017,00000,73440,00000,0,F,Watertown Town city,Massachusetts,35333,35331,35188,35022
071,25,017,73440,73440,00000,1,A,Watertown Town city,Massachusetts,35333,35331,35188,35022
061,25,017,00000,73790,00000,1,A,Wayland town,Massachusetts,13944,13893,13741,13664
061,25,017,00000,76135,00000,1,A,Westford town,Massachusetts,24638,24704,24460,24353
061,25,017,00000,77255,00000,1,A,Weston town,Massachusetts,11863,11766,11671,11661
061,25,017,00000,80230,00000,1,A,Wilmington town,Massachusetts,23354,23279,23003,22904
061,25,017,00000,80510,00000,1,A,Winchester town,Massachusetts,22971,22906,22666,22640
061,25,017,00000,81035,00000,0,F,Woburn city,Massachusetts,40882,40791,41063,41248
071,25,017,81035,81035,00000,1,A,Woburn city,Massachusetts,40882,40791,41063,41248
050,25,019,00000,00000,00000,0,N,Nantucket County,Massachusetts,14251,14237,14499,14421
061,25,019,00000,43790,00000,1,A,Nantucket town,Massachusetts,14251,14237,14499,14421
050,25,021,00000,00000,00000,0,A,Norfolk County,Massachusetts,725999,724322,724692,725531
157,25,021,07740,00000,00000,0,A,Braintree Town city,Massachusetts,39148,39071,38794,38567
157,25,021,25172,00000,00000,0,A,Franklin Town city,Massachusetts,33272,32341,33136,33656
157,25,021,55745,00000,00000,0,A,Quincy city,Massachusetts,101606,101462,101142,101727
157,25,021,56000,00000,00000,0,A,Randolph Town city,Massachusetts,34976,34913,34708,34530
157,25,021,78972,00000,00000,0,A,Weymouth Town city,Massachusetts,57443,57461,57655,57410
157,25,021,99990,00000,00000,0,S,Balance of Norfolk County,Massachusetts,459554,459074,459257,459641
061,25,021,00000,02935,00000,1,A,Avon town,Massachusetts,4777,4772,4757,4735
061,25,021,00000,04930,00000,1,A,Bellingham town,Massachusetts,16947,16945,16917,17407
061,25,021,00000,07740,00000,0,F,Braintree Town city,Massachusetts,39148,39071,38794,38567
071,25,021,07740,07740,00000,1,A,Braintree Town city,Massachusetts,39148,39071,38794,38567
061,25,021,00000,09175,00000,1,A,Brookline town,Massachusetts,63194,63069,62786,62535
061,25,021,00000,11315,00000,1,A,Canton town,Massachusetts,24371,24394,24458,24609
061,25,021,00000,14640,00000,1,A,Cohasset town,Massachusetts,8392,8377,8379,8346
061,25,021,00000,16495,00000,1,A,Dedham town,Massachusetts,25365,25213,25148,24997
061,25,021,00000,17405,00000,1,A,Dover town,Massachusetts,5924,5915,5895,5860
061,25,021,00000,24820,00000,1,A,Foxborough town,Massachusetts,18624,18598,18534,18488
061,25,021,00000,25172,00000,0,F,Franklin Town city,Massachusetts,33272,32341,33136,33656
071,25,021,25172,25172,00000,1,A,Franklin Town city,Massachusetts,33272,32341,33136,33656
061,25,021,00000,30455,00000,1,A,Holbrook town,Massachusetts,11405,11384,11342,11285
061,25,021,00000,39765,00000,1,A,Medfield town,Massachusetts,12800,12800,12914,13072
061,25,021,00000,39975,00000,1,A,Medway town,Massachusetts,13112,13085,13137,13393
061,25,021,00000,41515,00000,1,A,Millis town,Massachusetts,8461,8503,8675,8836
061,25,021,00000,41690,00000,1,A,Milton town,Massachusetts,28633,28596,28485,28364
061,25,021,00000,44105,00000,1,A,Needham town,Massachusetts,32103,32107,32079,32114
061,25,021,00000,46050,00000,1,A,Norfolk town,Massachusetts,11668,11555,11490,11552
061,25,021,00000,50250,00000,1,A,Norwood town,Massachusetts,31607,31560,31396,31317
061,25,021,00000,54100,00000,1,A,Plainville town,Massachusetts,9941,9927,9902,9865
061,25,021,00000,55745,00000,0,F,Quincy city,Massachusetts,101606,101462,101142,101727
071,25,021,55745,55745,00000,1,A,Quincy city,Massachusetts,101606,101462,101142,101727
061,25,021,00000,56000,00000,0,F,Randolph Town city,Massachusetts,34976,34913,34708,34530
071,25,021,56000,56000,00000,1,A,Randolph Town city,Massachusetts,34976,34913,34708,34530
061,25,021,00000,60785,00000,1,A,Sharon town,Massachusetts,18574,18545,18490,18408
061,25,021,00000,67945,00000,1,A,Stoughton town,Massachusetts,29287,29245,29132,28969
061,25,021,00000,72495,00000,1,A,Walpole town,Massachusetts,26377,26514,26430,26277
061,25,021,00000,74175,00000,1,A,Wellesley town,Massachusetts,29553,29552,30464,30524
061,25,021,00000,78690,00000,1,A,Westwood town,Massachusetts,16264,16242,16253,16231
061,25,021,00000,78972,00000,0,F,Weymouth Town city,Massachusetts,57443,57461,57655,57410
071,25,021,78972,78972,00000,1,A,Weymouth Town city,Massachusetts,57443,57461,57655,57410
061,25,021,00000,82315,00000,1,A,Wrentham town,Massachusetts,12175,12176,12194,12457
050,25,023,00000,00000,00000,0,A,Plymouth County,Massachusetts,530820,530154,532919,533069
157,25,023,08130,00000,00000,0,A,Bridgewater Town city,Massachusetts,28630,28509,28888,28780
157,25,023,09000,00000,00000,0,A,Brockton city,Massachusetts,105654,105502,105501,104826
157,25,023,99990,00000,00000,0,S,Balance of Plymouth County,Massachusetts,396536,396143,398530,399463
061,25,023,00000,00170,00000,1,A,Abington town,Massachusetts,17059,17053,17080,16965
061,25,023,00000,08130,00000,0,F,Bridgewater Town city,Massachusetts,28630,28509,28888,28780
071,25,023,08130,08130,00000,1,A,Bridgewater Town city,Massachusetts,28630,28509,28888,28780
061,25,023,00000,09000,00000,0,F,Brockton city,Massachusetts,105654,105502,105501,104826
071,25,023,09000,09000,00000,1,A,Brockton city,Massachusetts,105654,105502,105501,104826
061,25,023,00000,11665,00000,1,A,Carver town,Massachusetts,11650,11632,11677,11626
061,25,023,00000,17895,00000,1,A,Duxbury town,Massachusetts,16091,16076,16160,16107
061,25,023,00000,18455,00000,1,A,East Bridgewater town,Massachusetts,14438,14421,14453,14338
061,25,023,00000,27795,00000,1,A,Halifax town,Massachusetts,7747,7740,7752,7698
061,25,023,00000,28285,00000,1,A,Hanover town,Massachusetts,14824,14815,14884,14758
061,25,023,00000,28495,00000,1,A,Hanson town,Massachusetts,10634,10626,10687,10587
061,25,023,00000,30210,00000,1,A,Hingham town,Massachusetts,24279,24254,24260,24130
061,25,023,00000,31645,00000,1,A,Hull town,Massachusetts,10072,10058,10151,10142
061,25,023,00000,33220,00000,1,A,Kingston town,Massachusetts,13702,13716,13780,13829
061,25,023,00000,33920,00000,1,A,Lakeville town,Massachusetts,11523,11538,11766,11895
061,25,023,00000,38540,00000,1,A,Marion town,Massachusetts,5346,5338,5320,5291
061,25,023,00000,38855,00000,1,A,Marshfield town,Massachusetts,25820,25798,25885,25713
061,25,023,00000,39450,00000,1,A,Mattapoisett town,Massachusetts,6509,6506,6578,6589
061,25,023,00000,40850,00000,1,A,Middleborough town,Massachusetts,24242,24261,24453,24376
061,25,023,00000,50145,00000,1,A,Norwell town,Massachusetts,11354,11340,11326,11280
061,25,023,00000,52630,00000,1,A,Pembroke town,Massachusetts,18362,18344,18430,18297
061,25,023,00000,54310,00000,1,A,Plymouth town,Massachusetts,61214,61018,61925,64269
061,25,023,00000,54415,00000,1,A,Plympton town,Massachusetts,2929,2927,2938,2923
061,25,023,00000,57600,00000,1,A,Rochester town,Massachusetts,5720,5725,5768,5816
061,25,023,00000,57775,00000,1,A,Rockland town,Massachusetts,17805,17775,17781,17609
061,25,023,00000,60330,00000,1,A,Scituate town,Massachusetts,19075,19078,19170,19190
061,25,023,00000,72985,00000,1,A,Wareham town,Massachusetts,23302,23275,23317,23151
061,25,023,00000,75260,00000,1,A,West Bridgewater town,Massachusetts,7711,7707,7700,7625
061,25,023,00000,79530,00000,1,A,Whitman town,Massachusetts,15128,15122,15289,15259
050,25,025,00000,00000,00000,0,N,Suffolk County,Massachusetts,797941,793271,771765,766381
157,25,025,07000,00000,00000,0,A,Boston city,Massachusetts,675632,671570,654537,650706
157,25,025,13205,00000,00000,0,A,Chelsea city,Massachusetts,40785,40583,39070,38637
157,25,025,56585,00000,00000,0,A,Revere city,Massachusetts,62204,61867,59517,58528
157,25,025,81005,00000,00000,0,A,Winthrop Town city,Massachusetts,19320,19251,18641,18510
061,25,025,00000,07000,00000,0,F,Boston city,Massachusetts,675632,671570,654537,650706
071,25,025,07000,07000,00000,1,A,Boston city,Massachusetts,675632,671570,654537,650706
061,25,025,00000,13205,00000,0,F,Chelsea city,Massachusetts,40785,40583,39070,38637
071,25,025,13205,13205,00000,1,A,Chelsea city,Massachusetts,40785,40583,39070,38637
061,25,025,00000,56585,00000,0,F,Revere city,Massachusetts,62204,61867,59517,58528
071,25,025,56585,56585,00000,1,A,Revere city,Massachusetts,62204,61867,59517,58528
061,25,025,00000,81005,00000,0,F,Winthrop Town city,Massachusetts,19320,19251,18641,18510
071,25,025,81005,81005,00000,1,A,Winthrop Town city,Massachusetts,19320,19251,18641,18510
050,25,027,00000,00000,00000,0,N,Worcester County,Massachusetts,862099,859708,862132,862927
157,25,027,23875,00000,00000,0,A,Fitchburg city,Massachusetts,41945,41659,41592,41502
157,25,027,25485,00000,00000,0,A,Gardner city,Massachusetts,21285,21219,20995,20902
157,25,027,35075,00000,00000,0,A,Leominster city,Massachusetts,43793,43744,43668,43646
157,25,027,63345,00000,00000,0,A,Southbridge Town city,Massachusetts,17746,17711,17689,17619
157,25,027,82000,00000,00000,0,A,Worcester city,Massachusetts,206519,205063,205660,205319
157,25,027,99990,00000,00000,0,S,Balance of Worcester County,Massachusetts,530811,530312,532528,533939
061,25,027,00000,01885,00000,1,A,Ashburnham town,Massachusetts,6313,6310,6357,6372
061,25,027,00000,02480,00000,1,A,Athol town,Massachusetts,11942,11927,11924,11897
061,25,027,00000,02760,00000,1,A,Auburn town,Massachusetts,16891,16863,16836,16762
061,25,027,00000,03740,00000,1,A,Barre town,Massachusetts,5528,5521,5538,5533
061,25,027,00000,05490,00000,1,A,Berlin town,Massachusetts,3159,3276,3678,4189
061,25,027,00000,06015,00000,1,A,Blackstone town,Massachusetts,9204,9183,9208,9211
061,25,027,00000,06365,00000,1,A,Bolton town,Massachusetts,5662,5669,5691,5728
061,25,027,00000,07525,00000,1,A,Boylston town,Massachusetts,4851,4852,4891,4924
061,25,027,00000,09105,00000,1,A,Brookfield town,Massachusetts,3442,3437,3438,3432
061,25,027,00000,12715,00000,1,A,Charlton town,Massachusetts,13317,13305,13335,13360
061,25,027,00000,14395,00000,1,A,Clinton town,Massachusetts,15430,15406,15425,15484
061,25,027,00000,17300,00000,1,A,Douglas town,Massachusetts,8983,8993,9070,9153
061,25,027,00000,17685,00000,1,A,Dudley town,Massachusetts,11919,11902,11902,11850
061,25,027,00000,18560,00000,1,A,East Brookfield town,Massachusetts,2226,2221,2215,2204
061,25,027,00000,23875,00000,0,F,Fitchburg city,Massachusetts,41945,41659,41592,41502
071,25,027,23875,23875,00000,1,A,Fitchburg city,Massachusetts,41945,41659,41592,41502
061,25,027,00000,25485,00000,0,F,Gardner city,Massachusetts,21285,21219,20995,20902
071,25,027,25485,25485,00000,1,A,Gardner city,Massachusetts,21285,21219,20995,20902
061,25,027,00000,26430,00000,1,A,Grafton town,Massachusetts,19662,19641,19804,19815
061,25,027,00000,28740,00000,1,A,Hardwick town,Massachusetts,2664,2660,2666,2658
061,25,027,00000,28950,00000,1,A,Harvard town,Massachusetts,6839,6835,6845,6870
061,25,027,00000,30560,00000,1,A,Holden town,Massachusetts,19916,19895,19927,19880
061,25,027,00000,30945,00000,1,A,Hopedale town,Massachusetts,6013,6005,6015,6008
061,25,027,00000,31435,00000,1,A,Hubbardston town,Massachusetts,4322,4315,4322,4335
061,25,027,00000,34165,00000,1,A,Lancaster town,Massachusetts,8441,8423,8308,8394
061,25,027,00000,34795,00000,1,A,Leicester town,Massachusetts,11086,11062,11069,11033
061,25,027,00000,35075,00000,0,F,Leominster city,Massachusetts,43793,43744,43668,43646
071,25,027,35075,35075,00000,1,A,Leominster city,Massachusetts,43793,43744,43668,43646
061,25,027,00000,37420,00000,1,A,Lunenburg town,Massachusetts,11778,11788,11847,11835
061,25,027,00000,40255,00000,1,A,Mendon town,Massachusetts,6227,6224,6266,6286
061,25,027,00000,41165,00000,1,A,Milford town,Massachusetts,30382,30329,30308,30196
061,25,027,00000,41340,00000,1,A,Millbury town,Massachusetts,13827,13824,13891,13936
061,25,027,00000,41585,00000,1,A,Millville town,Massachusetts,3175,3165,3160,3147
061,25,027,00000,45105,00000,1,A,New Braintree town,Massachusetts,994,992,993,990
061,25,027,00000,46820,00000,1,A,Northborough town,Massachusetts,15740,15710,15691,15663
061,25,027,00000,46925,00000,1,A,Northbridge town,Massachusetts,16336,16313,16293,16337
061,25,027,00000,47135,00000,1,A,North Brookfield town,Massachusetts,4734,4746,4755,4728
061,25,027,00000,50670,00000,1,A,Oakham town,Massachusetts,1855,1853,1855,1866
061,25,027,00000,51825,00000,1,A,Oxford town,Massachusetts,13350,13325,13326,13287
061,25,027,00000,52420,00000,1,A,Paxton town,Massachusetts,5010,5003,5033,5024
061,25,027,00000,53120,00000,1,A,Petersham town,Massachusetts,1195,1192,1190,1183
061,25,027,00000,53225,00000,1,A,Phillipston town,Massachusetts,1727,1723,1725,1720
061,25,027,00000,55395,00000,1,A,Princeton town,Massachusetts,3495,3492,3506,3504
061,25,027,00000,58580,00000,1,A,Royalston town,Massachusetts,1253,1252,1260,1261
061,25,027,00000,58825,00000,1,A,Rutland town,Massachusetts,9054,9068,9192,9298
061,25,027,00000,61800,00000,1,A,Shrewsbury town,Massachusetts,38321,38449,39088,39805
061,25,027,00000,63165,00000,1,A,Southborough town,Massachusetts,10451,10441,10446,10409
061,25,027,00000,63345,00000,0,F,Southbridge Town city,Massachusetts,17746,17711,17689,17619
071,25,027,63345,63345,00000,1,A,Southbridge Town city,Massachusetts,17746,17711,17689,17619
061,25,027,00000,66105,00000,1,A,Spencer town,Massachusetts,11985,11960,11960,11911
061,25,027,00000,67385,00000,1,A,Sterling town,Massachusetts,7985,7977,8167,8139
061,25,027,00000,68155,00000,1,A,Sturbridge town,Massachusetts,9864,9846,9872,9882
061,25,027,00000,68610,00000,1,A,Sutton town,Massachusetts,9358,9350,9386,9379
061,25,027,00000,69275,00000,1,A,Templeton town,Massachusetts,8143,8137,8166,8183
061,25,027,00000,71480,00000,1,A,Upton town,Massachusetts,8000,8001,8072,8128
061,25,027,00000,71620,00000,1,A,Uxbridge town,Massachusetts,14164,14191,14292,14386
061,25,027,00000,73090,00000,1,A,Warren town,Massachusetts,4973,4964,4967,4968
061,25,027,00000,73895,00000,1,A,Webster town,Massachusetts,17773,17732,17656,17601
061,25,027,00000,75015,00000,1,A,Westborough town,Massachusetts,21570,21534,21512,21506
061,25,027,00000,75155,00000,1,A,West Boylston town,Massachusetts,7875,7635,7695,7757
061,25,027,00000,75400,00000,1,A,West Brookfield town,Massachusetts,3834,3826,3819,3817
061,25,027,00000,77010,00000,1,A,Westminster town,Massachusetts,8212,8228,8299,8330
061,25,027,00000,80405,00000,1,A,Winchendon town,Massachusetts,10361,10341,10376,10385
061,25,027,00000,82000,00000,0,F,Worcester city,Massachusetts,206519,205063,205660,205319
071,25,027,82000,82000,00000,1,A,Worcester city,Massachusetts,206519,205063,205660,205319
